"HtmlFile","Href","DecodedHref","ExpectedLocalPath","Status"
"Sketches\brains\rons-brain\index.html","../../../images/Sketches/brains/Ron","../../../images/Sketches/brains/Ron","D:\github\ron-english-sketches-mythic-dark\images\Sketches\brains\Ron","Missing"
"Sketches\kaijus\cluckin-bell\index.html","../../../images/Sketches/Kaijus/Cluckin","../../../images/Sketches/Kaijus/Cluckin","D:\github\ron-english-sketches-mythic-dark\images\Sketches\Kaijus\Cluckin","Missing"
"Sketches\kaijus\cluckin-bell\index.html","../../../images/Sketches/Kaijus/Cluckin","../../../images/Sketches/Kaijus/Cluckin","D:\github\ron-english-sketches-mythic-dark\images\Sketches\Kaijus\Cluckin","Missing"
"Sketches\kaijus\cluckin-bell\index.html","../../../images/Sketches/Kaijus/Cluckin","../../../images/Sketches/Kaijus/Cluckin","D:\github\ron-english-sketches-mythic-dark\images\Sketches\Kaijus\Cluckin","Missing"
"Sketches\kaijus\ps-and-qs\index.html","../../../images/Sketches/Kaijus/P","../../../images/Sketches/Kaijus/P","D:\github\ron-english-sketches-mythic-dark\images\Sketches\Kaijus\P","Missing"
"Sketches\kaijus\ps-and-qs\index.html","../../../images/Sketches/Kaijus/P","../../../images/Sketches/Kaijus/P","D:\github\ron-english-sketches-mythic-dark\images\Sketches\Kaijus\P","Missing"
"Sketches\kaijus\ps-and-qs\index.html","../../../images/Sketches/Kaijus/P","../../../images/Sketches/Kaijus/P","D:\github\ron-english-sketches-mythic-dark\images\Sketches\Kaijus\P","Missing"
"Sketches\kaijus\weepees-liquid-lemon\index.html","../../../images/Sketches/Kaijus/Weepee","../../../images/Sketches/Kaijus/Weepee","D:\github\ron-english-sketches-mythic-dark\images\Sketches\Kaijus\Weepee","Missing"
"Sketches\kursed\bens-beans-0\index.html","../../../images/Sketches/Kursed/Ben","../../../images/Sketches/Kursed/Ben","D:\github\ron-english-sketches-mythic-dark\images\Sketches\Kursed\Ben","Missing"
"Sketches\kursed\bens-beans-0\index.html","../../../images/Sketches/Kursed/Ben","../../../images/Sketches/Kursed/Ben","D:\github\ron-english-sketches-mythic-dark\images\Sketches\Kursed\Ben","Missing"
"Sketches\kursed\bens-beans-0\index.html","../../../images/Sketches/Kursed/Ben","../../../images/Sketches/Kursed/Ben","D:\github\ron-english-sketches-mythic-dark\images\Sketches\Kursed\Ben","Missing"
"Sketches\kursed\bens-beans-0\index.html","../../../images/Sketches/Kursed/Ben","../../../images/Sketches/Kursed/Ben","D:\github\ron-english-sketches-mythic-dark\images\Sketches\Kursed\Ben","Missing"
"Sketches\kursed\bens-beans-0\index.html","../../../images/Sketches/Kursed/Ben","../../../images/Sketches/Kursed/Ben","D:\github\ron-english-sketches-mythic-dark\images\Sketches\Kursed\Ben","Missing"
"Sketches\kursed\bens-beans-0\index.html","../../../images/Sketches/Kursed/Ben","../../../images/Sketches/Kursed/Ben","D:\github\ron-english-sketches-mythic-dark\images\Sketches\Kursed\Ben","Missing"
"Sketches\kursed\bens-beans-0\index.html","../../../images/Sketches/Kursed/Ben","../../../images/Sketches/Kursed/Ben","D:\github\ron-english-sketches-mythic-dark\images\Sketches\Kursed\Ben","Missing"
"Sketches\kursed\bens-beans-0\index.html","../../../images/Sketches/Kursed/Ben","../../../images/Sketches/Kursed/Ben","D:\github\ron-english-sketches-mythic-dark\images\Sketches\Kursed\Ben","Missing"
"Sketches\kursed\bens-beans-0\index.html","../../../images/Sketches/Kursed/Ben","../../../images/Sketches/Kursed/Ben","D:\github\ron-english-sketches-mythic-dark\images\Sketches\Kursed\Ben","Missing"
"Sketches\kursed\bens-beans-0\index.html","../../../images/Sketches/Kursed/Ben","../../../images/Sketches/Kursed/Ben","D:\github\ron-english-sketches-mythic-dark\images\Sketches\Kursed\Ben","Missing"
"Sketches\kursed\bens-beans-0\index.html","../../../images/Sketches/Kursed/Ben","../../../images/Sketches/Kursed/Ben","D:\github\ron-english-sketches-mythic-dark\images\Sketches\Kursed\Ben","Missing"
"Sketches\kursed\bens-beans-0\index.html","../../../images/Sketches/Kursed/Ben","../../../images/Sketches/Kursed/Ben","D:\github\ron-english-sketches-mythic-dark\images\Sketches\Kursed\Ben","Missing"
"Sketches\kursed\bens-beans-0\index.html","../../../images/Sketches/Kursed/Ben","../../../images/Sketches/Kursed/Ben","D:\github\ron-english-sketches-mythic-dark\images\Sketches\Kursed\Ben","Missing"
"Sketches\kursed\bens-beans-0\index.html","../../../images/Sketches/Kursed/Ben","../../../images/Sketches/Kursed/Ben","D:\github\ron-english-sketches-mythic-dark\images\Sketches\Kursed\Ben","Missing"
"Sketches\mythical-beings\frankensteins-monster\young-frankenstein\index.html","../../../../images/Sketches/Mythical%20Beings/Frankenstein","../../../../images/Sketches/Mythical Beings/Frankenstein","D:\github\ron-english-sketches-mythic-dark\images\Sketches\Mythical Beings\Frankenstein","Missing"
"Sketches\mythical-beings\frankensteins-monster\young-frankenstein\index.html","../../../../images/Sketches/Mythical%20Beings/Frankenstein","../../../../images/Sketches/Mythical Beings/Frankenstein","D:\github\ron-english-sketches-mythic-dark\images\Sketches\Mythical Beings\Frankenstein","Missing"
"Sketches\mythical-beings\frankensteins-monster\young-frankenstein\index.html","../../../../images/Sketches/Mythical%20Beings/Frankenstein","../../../../images/Sketches/Mythical Beings/Frankenstein","D:\github\ron-english-sketches-mythic-dark\images\Sketches\Mythical Beings\Frankenstein","Missing"
"Sketches\mythical-beings\frankensteins-monster\young-frankenstein\index.html","../../../../images/Sketches/Mythical%20Beings/Frankenstein","../../../../images/Sketches/Mythical Beings/Frankenstein","D:\github\ron-english-sketches-mythic-dark\images\Sketches\Mythical Beings\Frankenstein","Missing"
"Sketches\mythical-beings\frankensteins-monster\young-frankenstein\index.html","../../../../images/Sketches/Mythical%20Beings/Frankenstein","../../../../images/Sketches/Mythical Beings/Frankenstein","D:\github\ron-english-sketches-mythic-dark\images\Sketches\Mythical Beings\Frankenstein","Missing"
"Sketches\mythical-beings\frankensteins-monster\young-frankenstein\index.html","../../../../images/Sketches/Mythical%20Beings/Frankenstein","../../../../images/Sketches/Mythical Beings/Frankenstein","D:\github\ron-english-sketches-mythic-dark\images\Sketches\Mythical Beings\Frankenstein","Missing"
"Sketches\mythical-beings\frankensteins-monster\young-frankenstein\index.html","../../../../images/Sketches/Mythical%20Beings/Frankenstein","../../../../images/Sketches/Mythical Beings/Frankenstein","D:\github\ron-english-sketches-mythic-dark\images\Sketches\Mythical Beings\Frankenstein","Missing"
"Sketches\mythical-beings\frankensteins-monster\young-frankenstein\index.html","../../../../images/Sketches/Mythical%20Beings/Frankenstein","../../../../images/Sketches/Mythical Beings/Frankenstein","D:\github\ron-english-sketches-mythic-dark\images\Sketches\Mythical Beings\Frankenstein","Missing"
"Sketches\mythical-beings\frankensteins-monster\young-frankenstein\index.html","../../../../images/Sketches/Mythical%20Beings/Frankenstein","../../../../images/Sketches/Mythical Beings/Frankenstein","D:\github\ron-english-sketches-mythic-dark\images\Sketches\Mythical Beings\Frankenstein","Missing"
"Sketches\mythical-beings\frankensteins-monster\young-frankenstein\index.html","../../../../images/Sketches/Mythical%20Beings/Frankenstein","../../../../images/Sketches/Mythical Beings/Frankenstein","D:\github\ron-english-sketches-mythic-dark\images\Sketches\Mythical Beings\Frankenstein","Missing"
"Sketches\mythical-beings\frankensteins-monster\young-frankenstein\index.html","../../../../images/Sketches/Mythical%20Beings/Frankenstein","../../../../images/Sketches/Mythical Beings/Frankenstein","D:\github\ron-english-sketches-mythic-dark\images\Sketches\Mythical Beings\Frankenstein","Missing"
"Sketches\skeletons\minds-eye\index.html","../../../images/Sketches/Skeletons/Mind","../../../images/Sketches/Skeletons/Mind","D:\github\ron-english-sketches-mythic-dark\images\Sketches\Skeletons\Mind","Missing"
"Sketches\skeletons\minds-eye\index.html","../../../images/Sketches/Skeletons/Mind","../../../images/Sketches/Skeletons/Mind","D:\github\ron-english-sketches-mythic-dark\images\Sketches\Skeletons\Mind","Missing"
"Sketches\skeletons\minds-eye\index.html","../../../images/Sketches/Skeletons/Mind","../../../images/Sketches/Skeletons/Mind","D:\github\ron-english-sketches-mythic-dark\images\Sketches\Skeletons\Mind","Missing"
"Sketches\tots\lil-tot\index.html","../../../images/Sketches/Tots/Li","../../../images/Sketches/Tots/Li","D:\github\ron-english-sketches-mythic-dark\images\Sketches\Tots\Li","Missing"
"Sketches\tots\lil-tot\index.html","../../../images/Sketches/Tots/Li","../../../images/Sketches/Tots/Li","D:\github\ron-english-sketches-mythic-dark\images\Sketches\Tots\Li","Missing"
"Sketches\tots\lil-tot\index.html","../../../images/Sketches/Tots/Li","../../../images/Sketches/Tots/Li","D:\github\ron-english-sketches-mythic-dark\images\Sketches\Tots\Li","Missing"
"Sketches\tots\lil-tot\index.html","../../../images/Sketches/Tots/Li","../../../images/Sketches/Tots/Li","D:\github\ron-english-sketches-mythic-dark\images\Sketches\Tots\Li","Missing"
"Sketches\tots\lil-tot\index.html","../../../images/Sketches/Tots/Li","../../../images/Sketches/Tots/Li","D:\github\ron-english-sketches-mythic-dark\images\Sketches\Tots\Li","Missing"
